hiring_id,time_id,role_id,region_id,applications,screening_passed,interviews_done,offers_made,hires,avg_time_to_hire_days,open_positions
1,1,1,1,11,4,2,1,1,54,0
2,1,1,2,4,1,1,1,1,46,2
3,1,1,3,4,1,0,0,0,32,2
4,1,1,4,1,0,0,0,0,35,4
5,1,1,5,5,2,1,1,1,33,2
6,1,1,6,4,1,1,1,1,49,2
7,1,1,7,4,1,1,1,1,37,3
8,1,1,8,4,1,0,0,0,48,3
9,1,2,1,15,5,3,2,2,43,6
10,1,2,2,2,1,1,1,1,50,2
11,1,2,3,3,1,1,1,1,19,1
12,1,2,4,2,1,1,1,1,38,5
13,1,2,5,5,2,1,1,1,55,0
14,1,2,6,3,1,1,1,1,47,1
15,1,2,7,7,2,1,1,1,26,5
16,1,2,8,3,1,1,1,1,25,4
17,1,3,1,9,4,2,1,1,22,2
18,1,3,2,8,4,2,1,1,29,5
19,1,3,3,8,3,2,1,1,22,3
20,1,3,4,9,4,2,1,1,29,5
21,1,3,5,2,1,0,0,0,22,4
22,1,3,6,2,1,1,1,1,26,3
23,1,3,7,1,1,1,1,1,26,4
24,1,3,8,6,3,1,0,0,26,0
25,1,4,1,16,6,3,2,2,35,3
26,1,4,2,5,2,1,1,1,26,5
27,1,4,3,5,2,1,1,1,36,1
28,1,4,4,4,2,1,1,1,33,4
29,1,4,5,8,3,2,1,1,36,0
30,1,4,6,5,2,1,1,1,47,4
31,1,4,7,2,1,1,1,1,42,2
32,1,4,8,4,1,1,1,1,32,5
33,1,5,1,15,4,3,2,2,52,1
34,1,5,2,5,1,1,1,1,48,0
35,1,5,3,5,1,1,1,1,46,3
36,1,5,4,6,1,1,1,1,78,7
37,1,5,5,8,2,1,1,1,56,6
38,1,5,6,6,2,1,1,1,37,3
39,1,5,7,3,1,1,1,1,54,3
40,1,5,8,2,1,1,1,1,68,3
41,1,6,1,17,4,3,2,2,28,4
42,1,6,2,1,0,0,0,0,51,2
43,1,6,3,4,1,1,1,1,32,3
44,1,6,4,5,1,1,1,1,49,2
45,1,6,5,4,1,1,1,1,38,3
46,1,6,6,1,0,0,0,0,53,5
47,1,6,7,4,1,1,1,1,32,1
48,1,6,8,2,0,0,0,0,60,3
49,1,7,1,16,5,2,1,1,58,2
50,1,7,2,3,1,1,1,1,54,2
51,1,7,3,1,0,0,0,0,32,5
52,1,7,4,6,2,1,1,1,46,2
53,1,7,5,3,1,1,1,1,35,3
54,1,7,6,6,2,1,1,1,51,3
55,1,7,7,4,2,1,1,1,35,3
56,1,7,8,3,1,1,1,1,46,2
57,1,8,1,13,3,2,1,1,86,0
58,1,8,2,8,2,1,1,1,54,3
59,1,8,3,5,1,1,1,1,38,4
60,1,8,4,3,1,1,1,1,29,3
61,1,8,5,3,1,1,1,1,43,3
62,1,8,6,1,0,0,0,0,54,3
63,1,8,7,2,1,1,1,1,36,0
64,1,8,8,3,1,1,1,1,77,2
65,2,1,1,14,4,2,1,1,34,2
66,2,1,2,1,0,0,0,0,50,5
67,2,1,3,4,1,1,1,1,33,5
68,2,1,4,4,2,1,1,1,42,1
69,2,1,5,3,1,1,1,1,54,3
70,2,1,6,2,1,1,1,1,54,2
71,2,1,7,5,2,1,1,1,44,1
72,2,1,8,3,1,1,1,1,23,4
73,2,2,1,9,3,1,1,1,37,5
74,2,2,2,4,2,1,1,1,44,4
75,2,2,3,9,3,2,1,1,40,2
76,2,2,4,6,2,1,1,1,33,7
77,2,2,5,8,2,1,1,1,19,4
78,2,2,6,5,2,1,1,1,26,3
79,2,2,7,3,1,1,1,1,52,3
80,2,2,8,4,2,1,1,1,32,5
81,2,3,1,11,5,3,2,1,33,2
82,2,3,2,6,3,2,1,1,21,7
83,2,3,3,4,2,1,0,0,28,0
84,2,3,4,5,2,1,0,0,37,5
85,2,3,5,3,1,0,0,0,25,6
86,2,3,6,1,0,0,0,0,29,4
87,2,3,7,3,1,1,1,1,26,4
88,2,3,8,4,2,1,1,1,20,5
89,2,4,1,13,4,2,1,1,28,2
90,2,4,2,2,1,1,1,1,38,1
91,2,4,3,2,1,1,1,1,28,2
92,2,4,4,4,1,1,1,1,38,0
93,2,4,5,2,1,1,1,1,52,0
94,2,4,6,4,1,1,1,1,47,2
95,2,4,7,5,2,1,1,1,28,5
96,2,4,8,5,2,1,1,1,33,4
97,2,5,1,16,4,3,2,2,50,3
98,2,5,2,6,1,1,1,1,64,3
99,2,5,3,3,1,1,1,1,68,3
100,2,5,4,1,0,0,0,0,42,3
101,2,5,5,1,0,0,0,0,57,2
102,2,5,6,1,0,0,0,0,70,4
103,2,5,7,3,1,1,1,1,23,2
104,2,5,8,5,1,1,1,1,93,8
105,2,6,1,18,5,3,2,2,41,2
106,2,6,2,8,2,1,1,1,56,2
107,2,6,3,1,0,0,0,0,38,2
108,2,6,4,3,1,1,1,1,22,1
109,2,6,5,4,1,1,1,1,63,2
110,2,6,6,3,1,1,1,1,56,4
111,2,6,7,2,1,1,1,1,54,5
112,2,6,8,6,2,1,1,1,39,3
113,2,7,1,16,6,3,2,2,26,3
114,2,7,2,1,0,0,0,0,41,3
115,2,7,3,6,2,1,1,1,27,1
116,2,7,4,3,1,1,1,1,31,4
117,2,7,5,3,1,1,1,1,40,1
118,2,7,6,6,2,1,1,1,24,3
119,2,7,7,5,2,1,1,1,39,3
120,2,7,8,7,3,2,1,1,45,3
121,2,8,1,11,3,2,2,2,49,5
122,2,8,2,3,1,1,1,1,55,4
123,2,8,3,3,1,1,1,1,49,2
124,2,8,4,4,1,1,1,1,73,5
125,2,8,5,4,1,1,1,1,64,0
126,2,8,6,2,0,0,0,0,63,1
127,2,8,7,5,1,1,1,1,35,3
128,2,8,8,8,2,1,1,1,51,6
129,3,1,1,12,4,2,1,1,40,1
130,3,1,2,1,0,0,0,0,33,3
131,3,1,3,1,0,0,0,0,48,2
132,3,1,4,5,2,1,1,1,30,5
133,3,1,5,4,1,1,1,1,36,7
134,3,1,6,7,3,2,1,1,35,3
135,3,1,7,6,2,1,1,1,32,1
136,3,1,8,3,1,1,1,1,43,3
137,3,2,1,15,4,2,1,1,24,1
138,3,2,2,8,3,1,1,1,27,2
139,3,2,3,3,1,1,1,1,32,2
140,3,2,4,2,1,1,1,1,46,1
141,3,2,5,2,1,1,1,1,28,3
142,3,2,6,5,2,1,1,1,57,2
143,3,2,7,5,2,1,1,1,40,4
144,3,2,8,5,2,1,1,1,34,3
145,3,3,1,11,4,2,1,1,14,2
146,3,3,2,4,2,1,1,1,34,2
147,3,3,3,5,2,1,1,1,35,3
148,3,3,4,3,1,0,0,0,47,4
149,3,3,5,3,1,1,1,1,25,6
150,3,3,6,3,1,0,0,0,21,2
151,3,3,7,6,3,2,1,1,33,3
152,3,3,8,5,2,1,1,1,27,2
153,3,4,1,15,6,3,2,2,27,3
154,3,4,2,4,1,0,0,0,42,4
155,3,4,3,5,2,1,1,1,34,4
156,3,4,4,6,2,1,1,1,29,3
157,3,4,5,4,1,1,1,1,45,5
158,3,4,6,6,2,1,1,1,45,4
159,3,4,7,1,0,0,0,0,45,2
160,3,4,8,2,1,1,1,1,34,2
161,3,5,1,14,4,2,1,1,53,2
162,3,5,2,1,0,0,0,0,68,3
163,3,5,3,7,2,1,1,1,48,6
164,3,5,4,3,1,1,1,1,18,3
165,3,5,5,2,0,0,0,0,67,4
166,3,5,6,2,0,0,0,0,44,3
167,3,5,7,6,2,1,1,1,45,1
168,3,5,8,3,1,1,1,1,54,2
169,3,6,1,14,3,2,1,1,55,4
170,3,6,2,2,0,0,0,0,63,0
171,3,6,3,3,1,1,1,1,35,7
172,3,6,4,6,1,1,1,1,65,2
173,3,6,5,3,1,1,1,1,35,3
174,3,6,6,1,0,0,0,0,44,0
175,3,6,7,2,1,1,1,1,62,6
176,3,6,8,3,1,1,1,1,47,2
177,3,7,1,5,2,1,1,1,27,5
178,3,7,2,4,1,1,1,1,40,5
179,3,7,3,5,2,1,1,1,41,2
180,3,7,4,7,3,2,1,1,48,1
181,3,7,5,4,2,1,1,1,58,3
182,3,7,6,3,1,0,0,0,36,2
183,3,7,7,8,3,1,1,1,22,1
184,3,7,8,3,1,1,1,1,22,3
185,3,8,1,6,1,1,1,1,50,3
186,3,8,2,5,1,1,1,1,62,1
187,3,8,3,7,2,1,1,1,57,1
188,3,8,4,1,0,0,0,0,39,2
189,3,8,5,3,1,1,1,1,56,4
190,3,8,6,5,1,1,1,1,55,4
191,3,8,7,3,1,1,1,1,44,1
192,3,8,8,6,2,1,1,1,35,1
193,4,1,1,14,5,3,2,2,40,2
194,4,1,2,2,1,0,0,0,37,0
195,4,1,3,3,1,1,1,1,38,6
196,4,1,4,1,0,0,0,0,43,0
197,4,1,5,4,1,1,1,1,40,3
198,4,1,6,1,0,0,0,0,40,3
199,4,1,7,4,1,0,0,0,42,3
200,4,1,8,4,1,1,1,1,52,1
201,4,2,1,13,4,3,2,1,58,1
202,4,2,2,4,1,1,1,1,38,6
203,4,2,3,8,3,2,1,1,38,4
204,4,2,4,3,1,1,1,1,44,0
205,4,2,5,4,1,1,1,1,34,2
206,4,2,6,4,2,1,1,1,37,5
207,4,2,7,4,2,1,1,1,40,4
208,4,2,8,7,3,2,1,1,36,2
209,4,3,1,16,6,3,2,2,37,5
210,4,3,2,4,2,1,0,0,25,1
211,4,3,3,4,2,1,1,1,37,3
212,4,3,4,8,4,2,1,1,34,5
213,4,3,5,5,2,1,1,1,32,6
214,4,3,6,3,2,1,1,1,34,4
215,4,3,7,3,1,0,0,0,17,4
216,4,3,8,6,2,1,0,0,26,4
217,4,4,1,13,5,3,2,2,39,2
218,4,4,2,4,2,1,1,1,32,1
219,4,4,3,6,2,1,1,1,41,1
220,4,4,4,3,1,1,1,1,38,2
221,4,4,5,5,2,1,1,1,40,3
222,4,4,6,6,2,1,1,1,30,4
223,4,4,7,4,1,1,1,1,49,3
224,4,4,8,1,0,0,0,0,35,2
225,4,5,1,14,4,3,2,2,45,3
226,4,5,2,2,0,0,0,0,56,2
227,4,5,3,9,2,1,1,1,67,4
228,4,5,4,5,1,1,1,1,85,2
229,4,5,5,2,0,0,0,0,76,1
230,4,5,6,1,0,0,0,0,38,2
231,4,5,7,4,1,1,1,1,36,3
232,4,5,8,4,1,1,1,1,33,2
233,4,6,1,14,4,2,1,1,54,1
234,4,6,2,1,0,0,0,0,76,3
235,4,6,3,2,0,0,0,0,30,3
236,4,6,4,5,1,1,1,1,26,4
237,4,6,5,2,1,1,1,1,72,1
238,4,6,6,8,2,1,1,1,66,1
239,4,6,7,3,1,1,1,1,55,1
240,4,6,8,5,1,1,1,1,44,4
241,4,7,1,9,3,1,1,1,31,6
242,4,7,2,4,2,1,1,1,39,5
243,4,7,3,4,1,1,1,1,24,2
244,4,7,4,7,2,1,1,1,38,2
245,4,7,5,5,2,1,1,1,35,1
246,4,7,6,9,3,1,1,1,43,5
247,4,7,7,1,0,0,0,0,20,2
248,4,7,8,3,1,1,1,1,44,7
249,4,8,1,9,3,2,1,1,61,1
250,4,8,2,5,1,1,1,1,64,1
251,4,8,3,5,1,1,1,1,74,6
252,4,8,4,5,1,1,1,1,64,7
253,4,8,5,4,1,1,1,1,45,5
254,4,8,6,1,0,0,0,0,49,1
255,4,8,7,7,2,1,1,1,46,2
256,4,8,8,3,1,1,1,1,55,2
257,5,1,1,8,3,2,1,1,47,1
258,5,1,2,7,3,2,1,1,33,3
259,5,1,3,5,2,1,1,1,57,3
260,5,1,4,4,1,1,1,1,54,4
261,5,1,5,3,1,1,1,1,27,2
262,5,1,6,1,0,0,0,0,45,2
263,5,1,7,3,1,1,1,1,16,3
264,5,1,8,6,2,1,1,1,17,3
265,5,2,1,11,3,1,1,1,40,1
266,5,2,2,4,2,1,1,1,29,2
267,5,2,3,1,0,0,0,0,43,3
268,5,2,4,7,3,2,1,1,40,2
269,5,2,5,5,2,1,1,1,41,3
270,5,2,6,8,2,1,1,1,27,5
271,5,2,7,3,1,1,1,1,40,2
272,5,2,8,3,1,1,1,1,55,7
273,5,3,1,15,7,3,1,1,39,0
274,5,3,2,3,1,0,0,0,32,4
275,5,3,3,1,0,0,0,0,31,4
276,5,3,4,4,2,1,1,1,17,4
277,5,3,5,5,2,1,1,1,29,2
278,5,3,6,5,2,1,1,1,28,3
279,5,3,7,2,1,1,0,0,25,1
280,5,3,8,4,2,1,1,1,26,7
281,5,4,1,14,5,3,2,2,50,3
282,5,4,2,5,2,1,1,1,39,6
283,5,4,3,4,1,1,1,1,25,3
284,5,4,4,4,1,0,0,0,44,2
285,5,4,5,3,1,1,1,1,19,0
286,5,4,6,1,0,0,0,0,51,4
287,5,4,7,4,1,1,1,1,44,2
288,5,4,8,3,1,0,0,0,33,3
289,5,5,1,13,4,2,1,1,36,1
290,5,5,2,1,0,0,0,0,27,4
291,5,5,3,6,2,1,1,1,65,4
292,5,5,4,4,1,1,1,1,78,1
293,5,5,5,4,1,1,1,1,46,5
294,5,5,6,4,1,1,1,1,65,3
295,5,5,7,5,1,1,1,1,37,2
296,5,5,8,4,1,1,1,1,79,4
297,5,6,1,14,4,3,2,2,69,2
298,5,6,2,4,1,1,1,1,68,2
299,5,6,3,4,1,1,1,1,34,0
300,5,6,4,5,1,1,1,1,41,1
301,5,6,5,2,1,1,1,1,44,4
302,5,6,6,2,1,1,1,1,66,4
303,5,6,7,1,0,0,0,0,51,2
304,5,6,8,1,0,0,0,0,38,1
305,5,7,1,12,4,2,1,1,41,4
306,5,7,2,4,1,0,0,0,51,4
307,5,7,3,3,1,1,1,1,39,3
308,5,7,4,2,1,1,1,1,17,2
309,5,7,5,7,2,1,1,1,43,1
310,5,7,6,7,2,1,1,1,31,1
311,5,7,7,4,1,1,1,1,49,3
312,5,7,8,4,1,1,1,1,42,4
313,5,8,1,16,4,3,2,2,54,3
314,5,8,2,4,1,1,1,1,44,6
315,5,8,3,3,1,1,1,1,44,2
316,5,8,4,2,0,0,0,0,55,3
317,5,8,5,4,1,1,1,1,54,1
318,5,8,6,3,1,1,1,1,33,5
319,5,8,7,2,0,0,0,0,15,0
320,5,8,8,2,1,1,1,1,47,2
321,6,1,1,14,5,3,2,1,50,4
322,6,1,2,5,2,1,1,1,32,2
323,6,1,3,4,1,1,1,1,28,5
324,6,1,4,4,1,1,1,1,35,3
325,6,1,5,1,0,0,0,0,52,3
326,6,1,6,4,1,1,1,1,41,0
327,6,1,7,4,1,1,1,1,38,0
328,6,1,8,9,3,2,1,1,38,4
329,6,2,1,6,2,1,1,1,51,2
330,6,2,2,5,2,1,1,1,50,1
331,6,2,3,3,1,1,1,1,46,3
332,6,2,4,9,3,2,1,1,30,3
333,6,2,5,4,2,1,1,1,23,1
334,6,2,6,2,1,1,1,1,26,5
335,6,2,7,4,1,1,1,1,37,6
336,6,2,8,5,2,1,1,1,41,3
337,6,3,1,8,4,2,1,1,32,3
338,6,3,2,4,2,1,1,1,34,2
339,6,3,3,4,2,1,1,1,18,5
340,6,3,4,2,1,1,1,1,19,4
341,6,3,5,4,2,1,1,1,25,2
342,6,3,6,1,1,1,1,1,27,1
343,6,3,7,4,2,1,1,1,27,4
344,6,3,8,2,1,0,0,0,25,6
345,6,4,1,14,4,2,1,1,48,0
346,6,4,2,2,1,0,0,0,33,5
347,6,4,3,2,1,1,1,1,34,2
348,6,4,4,4,2,1,1,1,41,1
349,6,4,5,7,2,1,1,1,43,2
350,6,4,6,5,2,1,1,1,29,3
351,6,4,7,3,1,0,0,0,31,2
352,6,4,8,6,2,1,1,1,50,3
353,6,5,1,8,2,1,1,1,67,3
354,6,5,2,4,1,1,1,1,46,2
355,6,5,3,2,1,1,1,1,59,2
356,6,5,4,6,2,1,1,1,49,5
357,6,5,5,5,1,1,1,1,62,5
358,6,5,6,8,2,1,1,1,48,2
359,6,5,7,4,1,1,1,1,51,4
360,6,5,8,2,0,0,0,0,60,3
361,6,6,1,14,4,3,2,2,69,2
362,6,6,2,6,2,1,1,1,33,2
363,6,6,3,4,1,1,1,1,42,5
364,6,6,4,3,1,1,1,1,78,6
365,6,6,5,6,1,1,1,1,79,3
366,6,6,6,5,1,1,1,1,41,3
367,6,6,7,5,1,1,1,1,52,1
368,6,6,8,2,0,0,0,0,32,3
369,6,7,1,13,4,2,1,1,40,7
370,6,7,2,5,2,1,1,1,35,3
371,6,7,3,2,1,1,1,1,43,2
372,6,7,4,6,2,1,1,1,40,2
373,6,7,5,4,1,1,1,1,34,3
374,6,7,6,1,0,0,0,0,35,4
375,6,7,7,7,3,2,1,1,44,1
376,6,7,8,6,2,1,1,1,46,4
377,6,8,1,13,3,2,1,1,34,2
378,6,8,2,5,1,1,1,1,51,2
379,6,8,3,9,2,1,1,1,41,3
380,6,8,4,4,1,1,1,1,52,1
381,6,8,5,4,1,1,1,1,33,4
382,6,8,6,3,1,1,1,1,51,3
383,6,8,7,1,0,0,0,0,19,7
384,6,8,8,4,1,1,1,1,45,1
385,7,1,1,8,3,2,1,1,36,2
386,7,1,2,3,1,1,1,1,42,5
387,7,1,3,5,2,1,1,1,41,3
388,7,1,4,5,2,1,1,1,38,2
389,7,1,5,1,0,0,0,0,49,3
390,7,1,6,3,1,1,1,1,40,5
391,7,1,7,5,2,1,1,1,18,3
392,7,1,8,6,2,1,1,1,37,3
393,7,2,1,16,5,2,1,1,32,2
394,7,2,2,2,1,1,1,1,27,5
395,7,2,3,6,2,1,1,1,38,4
396,7,2,4,5,2,1,1,1,37,4
397,7,2,5,5,2,1,1,1,18,2
398,7,2,6,7,3,2,1,1,38,2
399,7,2,7,3,1,0,0,0,14,4
400,7,2,8,1,0,0,0,0,58,5
401,7,3,1,15,7,3,2,1,30,0
402,7,3,2,7,3,1,1,1,27,2
403,7,3,3,4,2,1,1,1,30,2
404,7,3,4,5,2,1,1,1,14,5
405,7,3,5,6,3,1,0,0,32,0
406,7,3,6,4,2,1,0,0,33,1
407,7,3,7,2,1,1,1,1,36,1
408,7,3,8,6,2,1,1,1,16,3
409,7,4,1,16,6,4,3,3,33,3
410,7,4,2,3,1,1,1,1,46,4
411,7,4,3,3,1,1,1,1,40,2
412,7,4,4,5,2,1,1,1,38,4
413,7,4,5,2,1,1,1,1,41,1
414,7,4,6,5,2,1,1,1,29,0
415,7,4,7,7,3,2,1,1,36,5
416,7,4,8,7,2,1,1,1,39,3
417,7,5,1,11,2,1,1,1,75,1
418,7,5,2,5,1,1,1,1,29,4
419,7,5,3,2,1,1,1,1,52,4
420,7,5,4,1,0,0,0,0,53,4
421,7,5,5,2,0,0,0,0,48,6
422,7,5,6,1,0,0,0,0,70,3
423,7,5,7,6,1,1,1,1,52,4
424,7,5,8,4,1,1,1,1,51,2
425,7,6,1,13,4,3,2,2,76,3
426,7,6,2,6,1,1,1,1,47,3
427,7,6,3,5,1,1,1,1,59,6
428,7,6,4,5,1,1,1,1,37,1
429,7,6,5,4,1,1,1,1,59,0
430,7,6,6,5,1,1,1,1,70,5
431,7,6,7,5,1,1,1,1,53,3
432,7,6,8,3,1,1,1,1,48,2
433,7,7,1,12,4,2,1,1,38,2
434,7,7,2,3,1,1,1,1,42,2
435,7,7,3,3,1,1,1,1,45,3
436,7,7,4,4,1,1,1,1,42,5
437,7,7,5,6,2,1,1,1,35,2
438,7,7,6,2,1,1,1,1,34,3
439,7,7,7,3,1,0,0,0,46,2
440,7,7,8,5,2,1,1,1,19,1
441,7,8,1,11,3,2,1,1,47,1
442,7,8,2,5,1,1,1,1,54,1
443,7,8,3,5,1,1,1,1,53,5
444,7,8,4,1,0,0,0,0,34,2
445,7,8,5,3,1,1,1,1,54,1
446,7,8,6,4,1,1,1,1,45,1
447,7,8,7,4,1,1,1,1,40,2
448,7,8,8,4,1,1,1,1,59,1
449,8,1,1,12,4,2,1,1,34,2
450,8,1,2,3,1,0,0,0,28,4
451,8,1,3,7,2,1,1,1,42,2
452,8,1,4,2,1,1,1,1,33,2
453,8,1,5,6,2,1,1,1,39,3
454,8,1,6,6,2,1,1,1,31,2
455,8,1,7,5,2,1,1,1,53,3
456,8,1,8,5,2,1,1,1,37,1
457,8,2,1,13,5,3,2,1,37,1
458,8,2,2,2,1,1,1,1,44,2
459,8,2,3,5,2,1,1,1,38,0
460,8,2,4,7,2,1,1,1,36,2
461,8,2,5,6,2,1,1,1,40,1
462,8,2,6,5,2,1,1,1,47,4
463,8,2,7,6,2,1,1,1,47,2
464,8,2,8,6,2,1,1,1,34,6
465,8,3,1,15,7,3,1,1,35,2
466,8,3,2,6,3,1,0,0,44,3
467,8,3,3,3,2,1,1,1,30,3
468,8,3,4,4,2,1,1,1,29,4
469,8,3,5,3,1,0,0,0,26,3
470,8,3,6,5,2,1,1,1,28,2
471,8,3,7,3,2,1,1,1,29,2
472,8,3,8,2,1,0,0,0,36,4
473,8,4,1,13,4,2,1,1,37,3
474,8,4,2,4,1,0,0,0,38,4
475,8,4,3,2,1,1,1,1,48,3
476,8,4,4,2,1,1,1,1,40,4
477,8,4,5,5,2,1,1,1,45,4
478,8,4,6,2,1,1,1,1,39,4
479,8,4,7,5,2,1,1,1,40,1
480,8,4,8,8,3,1,1,1,46,1
481,8,5,1,11,3,2,1,1,24,5
482,8,5,2,3,1,1,1,1,42,3
483,8,5,3,4,1,1,1,1,43,6
484,8,5,4,4,1,1,1,1,61,3
485,8,5,5,5,1,1,1,1,48,2
486,8,5,6,4,1,1,1,1,69,1
487,8,5,7,3,1,1,1,1,45,4
488,8,5,8,1,0,0,0,0,55,2
489,8,6,1,8,2,1,1,1,47,3
490,8,6,2,5,1,1,1,1,63,8
491,8,6,3,4,1,1,1,1,49,4
492,8,6,4,2,0,0,0,0,31,5
493,8,6,5,5,1,1,1,1,64,3
494,8,6,6,4,1,1,1,1,52,2
495,8,6,7,4,1,1,1,1,43,3
496,8,6,8,3,1,1,1,1,55,3
497,8,7,1,9,3,2,1,1,28,5
498,8,7,2,2,1,1,1,1,34,0
499,8,7,3,2,1,1,1,1,41,1
500,8,7,4,3,1,1,1,1,37,3
501,8,7,5,5,2,1,1,1,49,5
502,8,7,6,3,1,0,0,0,31,1
503,8,7,7,7,3,2,1,1,34,3
504,8,7,8,2,1,1,1,1,48,0
505,8,8,1,8,2,1,1,1,37,1
506,8,8,2,3,1,1,1,1,17,2
507,8,8,3,4,1,1,1,1,63,2
508,8,8,4,2,0,0,0,0,43,4
509,8,8,5,4,1,1,1,1,47,5
510,8,8,6,3,1,1,1,1,29,3
511,8,8,7,8,2,1,1,1,45,2
512,8,8,8,5,1,1,1,1,36,1
513,9,1,1,14,5,2,1,1,30,3
514,9,1,2,2,1,1,1,1,42,1
515,9,1,3,6,2,1,1,1,45,4
516,9,1,4,2,1,1,1,1,56,3
517,9,1,5,5,2,1,1,1,30,3
518,9,1,6,6,2,1,1,1,45,2
519,9,1,7,4,2,1,1,1,40,3
520,9,1,8,6,2,1,1,1,38,3
521,9,2,1,18,6,3,2,1,32,3
522,9,2,2,3,1,1,1,1,23,2
523,9,2,3,6,2,1,1,1,35,6
524,9,2,4,2,1,1,1,1,17,5
525,9,2,5,1,0,0,0,0,34,4
526,9,2,6,1,0,0,0,0,26,2
527,9,2,7,2,1,1,1,1,43,1
528,9,2,8,3,1,1,1,1,46,3
529,9,3,1,10,4,2,1,1,24,1
530,9,3,2,5,2,1,0,0,27,3
531,9,3,3,5,2,1,1,1,39,3
532,9,3,4,4,2,1,0,0,22,6
533,9,3,5,5,3,2,1,1,21,1
534,9,3,6,3,1,1,1,1,30,1
535,9,3,7,4,2,1,1,1,20,1
536,9,3,8,3,1,1,0,0,34,2
537,9,4,1,16,6,3,2,1,29,4
538,9,4,2,3,1,1,1,1,44,0
539,9,4,3,3,1,1,1,1,24,4
540,9,4,4,7,2,1,1,1,50,3
541,9,4,5,5,2,1,1,1,36,1
542,9,4,6,6,2,1,1,1,49,2
543,9,4,7,2,1,1,1,1,40,7
544,9,4,8,3,1,1,1,1,27,4
545,9,5,1,13,3,2,1,1,52,5
546,9,5,2,1,0,0,0,0,30,5
547,9,5,3,4,1,1,1,1,41,4
548,9,5,4,2,1,1,1,1,57,4
549,9,5,5,2,0,0,0,0,54,1
550,9,5,6,5,1,1,1,1,76,3
551,9,5,7,4,1,1,1,1,48,5
552,9,5,8,5,1,1,1,1,30,3
553,9,6,1,10,2,1,1,1,29,3
554,9,6,2,2,0,0,0,0,46,5
555,9,6,3,5,1,1,1,1,66,5
556,9,6,4,3,1,1,1,1,54,3
557,9,6,5,7,2,1,1,1,46,0
558,9,6,6,4,1,1,1,1,50,5
559,9,6,7,1,0,0,0,0,62,2
560,9,6,8,1,0,0,0,0,50,2
561,9,7,1,13,5,3,2,2,43,2
562,9,7,2,3,1,1,1,1,31,2
563,9,7,3,5,2,1,1,1,30,1
564,9,7,4,5,2,1,1,1,27,2
565,9,7,5,5,1,1,1,1,31,3
566,9,7,6,1,0,0,0,0,35,5
567,9,7,7,6,2,1,1,1,41,2
568,9,7,8,5,2,1,1,1,35,2
569,9,8,1,10,3,2,1,1,32,1
570,9,8,2,1,0,0,0,0,45,2
571,9,8,3,1,0,0,0,0,84,3
572,9,8,4,2,1,1,1,1,78,3
573,9,8,5,7,2,1,1,1,46,4
574,9,8,6,1,0,0,0,0,70,3
575,9,8,7,3,1,1,1,1,59,2
576,9,8,8,5,1,1,1,1,72,5
577,10,1,1,13,5,3,2,2,34,2
578,10,1,2,1,0,0,0,0,45,3
579,10,1,3,5,2,1,1,1,45,4
580,10,1,4,2,1,1,1,1,45,3
581,10,1,5,6,2,1,1,1,49,6
582,10,1,6,4,1,1,1,1,45,1
583,10,1,7,3,1,1,1,1,29,1
584,10,1,8,2,1,1,1,1,37,2
585,10,2,1,12,4,2,1,1,17,3
586,10,2,2,6,2,1,1,1,36,2
587,10,2,3,5,2,1,1,1,59,3
588,10,2,4,6,2,1,1,1,24,2
589,10,2,5,3,1,1,1,1,34,5
590,10,2,6,4,1,1,1,1,43,0
591,10,2,7,4,2,1,1,1,44,4
592,10,2,8,4,1,1,1,1,29,4
593,10,3,1,9,3,1,0,0,23,3
594,10,3,2,4,2,1,1,1,25,1
595,10,3,3,5,2,1,0,0,14,3
596,10,3,4,3,2,1,1,1,35,2
597,10,3,5,4,2,1,1,1,31,1
598,10,3,6,4,2,1,1,1,23,0
599,10,3,7,7,3,2,1,1,37,2
600,10,3,8,3,1,0,0,0,17,5
601,10,4,1,11,3,2,1,1,44,2
602,10,4,2,5,2,1,1,1,43,3
603,10,4,3,7,3,2,1,1,37,7
604,10,4,4,7,2,1,1,1,39,0
605,10,4,5,3,1,1,1,1,41,1
606,10,4,6,3,1,1,1,1,20,2
607,10,4,7,5,2,1,1,1,43,4
608,10,4,8,3,1,1,1,1,28,7
609,10,5,1,11,2,1,1,1,57,2
610,10,5,2,3,1,1,1,1,51,0
611,10,5,3,2,1,1,1,1,43,4
612,10,5,4,3,1,1,1,1,54,3
613,10,5,5,5,1,1,1,1,64,4
614,10,5,6,1,0,0,0,0,43,3
615,10,5,7,2,0,0,0,0,48,2
616,10,5,8,4,1,1,1,1,54,2
617,10,6,1,8,2,1,1,1,59,3
618,10,6,2,6,1,1,1,1,37,4
619,10,6,3,4,1,1,1,1,66,4
620,10,6,4,3,1,1,1,1,60,1
621,10,6,5,7,2,1,1,1,30,3
622,10,6,6,3,1,1,1,1,31,6
623,10,6,7,1,0,0,0,0,22,5
624,10,6,8,5,1,1,1,1,58,3
625,10,7,1,12,4,2,1,1,48,2
626,10,7,2,6,2,1,1,1,27,3
627,10,7,3,3,1,1,1,1,24,3
628,10,7,4,1,0,0,0,0,40,3
629,10,7,5,2,1,0,0,0,33,3
630,10,7,6,2,1,1,1,1,43,5
631,10,7,7,4,1,1,1,1,47,5
632,10,7,8,5,2,1,1,1,44,2
633,10,8,1,8,2,1,1,1,42,2
634,10,8,2,2,1,1,1,1,49,1
635,10,8,3,3,1,1,1,1,51,0
636,10,8,4,6,1,1,1,1,31,3
637,10,8,5,4,1,1,1,1,45,2
638,10,8,6,2,1,1,1,1,14,2
639,10,8,7,7,2,1,1,1,46,5
640,10,8,8,2,0,0,0,0,66,2
641,11,1,1,10,4,2,1,1,65,1
642,11,1,2,4,1,1,1,1,39,0
643,11,1,3,2,1,1,1,1,39,5
644,11,1,4,6,2,1,1,1,31,1
645,11,1,5,4,1,1,1,1,27,1
646,11,1,6,3,1,1,1,1,49,7
647,11,1,7,7,2,1,1,1,48,0
648,11,1,8,5,2,1,1,1,64,3
649,11,2,1,11,4,2,1,1,46,4
650,11,2,2,1,0,0,0,0,34,5
651,11,2,3,1,0,0,0,0,31,2
652,11,2,4,3,1,1,1,1,39,3
653,11,2,5,6,2,1,1,1,39,4
654,11,2,6,4,1,0,0,0,47,2
655,11,2,7,5,2,1,1,1,19,5
656,11,2,8,4,2,1,1,1,29,6
657,11,3,1,10,5,3,2,1,31,3
658,11,3,2,1,0,0,0,0,32,6
659,11,3,3,4,2,1,1,1,20,1
660,11,3,4,4,2,1,1,1,42,2
661,11,3,5,3,1,1,1,1,14,9
662,11,3,6,7,3,2,1,1,25,3
663,11,3,7,5,2,1,1,1,20,2
664,11,3,8,10,4,2,1,1,28,1
665,11,4,1,6,2,1,1,1,38,1
666,11,4,2,4,2,1,1,1,37,4
667,11,4,3,8,3,2,1,1,37,0
668,11,4,4,4,1,1,1,1,31,6
669,11,4,5,4,1,0,0,0,50,5
670,11,4,6,2,1,1,1,1,27,2
671,11,4,7,4,1,1,1,1,31,2
672,11,4,8,4,1,0,0,0,33,4
673,11,5,1,13,3,2,1,1,85,6
674,11,5,2,5,1,1,1,1,72,4
675,11,5,3,6,1,1,1,1,43,6
676,11,5,4,8,2,1,1,1,36,2
677,11,5,5,2,1,1,1,1,55,3
678,11,5,6,6,1,1,1,1,80,4
679,11,5,7,6,1,1,1,1,63,1
680,11,5,8,1,0,0,0,0,39,2
681,11,6,1,8,2,1,1,1,58,2
682,11,6,2,2,1,1,1,1,39,4
683,11,6,3,6,1,1,1,1,43,1
684,11,6,4,6,1,1,1,1,33,4
685,11,6,5,9,3,2,2,2,44,1
686,11,6,6,4,1,1,1,1,48,0
687,11,6,7,4,1,1,1,1,58,3
688,11,6,8,3,1,1,1,1,75,3
689,11,7,1,11,4,2,1,1,48,3
690,11,7,2,7,3,1,1,1,37,2
691,11,7,3,1,0,0,0,0,46,3
692,11,7,4,4,1,1,1,1,51,4
693,11,7,5,1,0,0,0,0,42,1
694,11,7,6,5,2,1,1,1,21,2
695,11,7,7,3,1,0,0,0,44,4
696,11,7,8,7,2,1,1,1,44,4
697,11,8,1,11,3,2,1,1,51,0
698,11,8,2,3,1,1,1,1,47,2
699,11,8,3,2,1,1,1,1,67,2
700,11,8,4,1,0,0,0,0,59,4
701,11,8,5,3,1,1,1,1,65,3
702,11,8,6,7,2,1,1,1,44,4
703,11,8,7,1,0,0,0,0,46,3
704,11,8,8,4,1,1,1,1,61,2
705,12,1,1,7,3,2,1,1,54,0
706,12,1,2,2,1,1,1,1,47,3
707,12,1,3,3,1,1,1,1,46,4
708,12,1,4,6,2,1,1,1,39,4
709,12,1,5,5,2,1,1,1,65,5
710,12,1,6,5,2,1,1,1,43,5
711,12,1,7,5,2,1,1,1,45,4
712,12,1,8,1,0,0,0,0,50,4
713,12,2,1,11,4,2,1,1,49,1
714,12,2,2,4,2,1,1,1,40,3
715,12,2,3,3,1,0,0,0,42,4
716,12,2,4,6,2,1,1,1,55,3
717,12,2,5,1,0,0,0,0,44,2
718,12,2,6,3,1,1,1,1,35,2
719,12,2,7,6,2,1,1,1,46,2
720,12,2,8,1,0,0,0,0,42,3
721,12,3,1,14,6,3,2,2,33,3
722,12,3,2,4,2,1,0,0,36,2
723,12,3,3,5,2,1,1,1,15,1
724,12,3,4,5,2,1,1,1,32,2
725,12,3,5,4,2,1,1,1,30,2
726,12,3,6,1,0,0,0,0,29,0
727,12,3,7,1,0,0,0,0,37,0
728,12,3,8,8,4,2,1,1,36,3
729,12,4,1,16,6,3,2,2,53,2
730,12,4,2,2,1,1,1,1,35,7
731,12,4,3,2,1,1,1,1,33,4
732,12,4,4,2,1,1,1,1,38,2
733,12,4,5,6,2,1,1,1,29,1
734,12,4,6,3,1,1,1,1,38,6
735,12,4,7,2,1,0,0,0,33,6
736,12,4,8,5,2,1,1,1,39,5
737,12,5,1,18,4,2,1,1,36,2
738,12,5,2,3,1,1,1,1,53,5
739,12,5,3,3,1,1,1,1,42,2
740,12,5,4,2,0,0,0,0,61,3
741,12,5,5,6,2,1,1,1,52,3
742,12,5,6,7,2,1,1,1,47,2
743,12,5,7,4,1,1,1,1,53,3
744,12,5,8,4,1,1,1,1,89,2
745,12,6,1,18,5,4,3,2,27,3
746,12,6,2,3,1,1,1,1,34,4
747,12,6,3,6,2,1,1,1,56,3
748,12,6,4,3,1,1,1,1,78,4
749,12,6,5,4,1,1,1,1,58,5
750,12,6,6,4,1,1,1,1,41,5
751,12,6,7,5,1,1,1,1,33,5
752,12,6,8,5,1,1,1,1,52,1
753,12,7,1,15,5,3,2,1,30,2
754,12,7,2,3,1,1,1,1,33,3
755,12,7,3,4,1,1,1,1,35,2
756,12,7,4,5,2,1,1,1,40,4
757,12,7,5,8,2,1,1,1,34,4
758,12,7,6,5,2,1,1,1,27,3
759,12,7,7,1,0,0,0,0,41,3
760,12,7,8,1,0,0,0,0,28,4
761,12,8,1,7,2,1,1,1,63,6
762,12,8,2,4,1,1,1,1,83,3
763,12,8,3,3,1,1,1,1,40,4
764,12,8,4,3,1,1,1,1,45,1
765,12,8,5,8,2,1,1,1,54,5
766,12,8,6,3,1,1,1,1,50,4
767,12,8,7,3,1,1,1,1,57,3
768,12,8,8,5,1,1,1,1,60,6
769,13,1,1,13,4,2,1,1,54,4
770,13,1,2,2,1,1,1,1,35,7
771,13,1,3,3,1,1,1,1,32,2
772,13,1,4,1,0,0,0,0,41,3
773,13,1,5,4,2,1,1,1,40,4
774,13,1,6,3,1,1,1,1,40,2
775,13,1,7,4,1,0,0,0,39,4
776,13,1,8,5,2,1,1,1,22,1
777,13,2,1,8,3,2,1,1,35,4
778,13,2,2,5,2,1,1,1,38,4
779,13,2,3,4,1,1,1,1,47,2
780,13,2,4,1,0,0,0,0,38,2
781,13,2,5,4,1,1,1,1,29,4
782,13,2,6,7,2,1,1,1,24,1
783,13,2,7,4,1,1,1,1,47,5
784,13,2,8,5,2,1,1,1,40,3
785,13,3,1,16,8,4,2,2,14,1
786,13,3,2,5,2,1,1,1,31,4
787,13,3,3,3,1,1,1,1,25,4
788,13,3,4,5,2,1,1,1,26,2
789,13,3,5,5,2,1,1,1,40,4
790,13,3,6,3,1,0,0,0,16,2
791,13,3,7,3,2,1,1,1,26,5
792,13,3,8,3,1,1,0,0,35,5
793,13,4,1,15,5,3,2,2,24,1
794,13,4,2,3,1,1,1,1,28,4
795,13,4,3,3,1,1,1,1,27,6
796,13,4,4,4,2,1,1,1,52,3
797,13,4,5,1,0,0,0,0,24,7
798,13,4,6,1,0,0,0,0,44,6
799,13,4,7,5,2,1,1,1,21,2
800,13,4,8,3,1,1,1,1,40,5
801,13,5,1,11,3,2,1,1,25,7
802,13,5,2,4,1,1,1,1,48,6
803,13,5,3,4,1,1,1,1,58,3
804,13,5,4,7,2,1,1,1,59,3
805,13,5,5,6,2,1,1,1,59,2
806,13,5,6,2,1,1,1,1,61,5
807,13,5,7,7,2,1,1,1,59,1
808,13,5,8,5,1,1,1,1,35,2
809,13,6,1,11,3,2,1,1,46,3
810,13,6,2,7,2,1,1,1,30,3
811,13,6,3,5,1,1,1,1,34,7
812,13,6,4,4,1,1,1,1,33,3
813,13,6,5,1,0,0,0,0,62,3
814,13,6,6,1,0,0,0,0,30,4
815,13,6,7,2,0,0,0,0,33,2
816,13,6,8,2,1,1,1,1,48,6
817,13,7,1,19,7,4,2,2,32,2
818,13,7,2,4,1,1,1,1,19,2
819,13,7,3,5,2,1,1,1,45,2
820,13,7,4,7,3,2,1,1,23,6
821,13,7,5,3,1,1,1,1,36,0
822,13,7,6,3,1,1,1,1,20,3
823,13,7,7,4,2,1,1,1,14,2
824,13,7,8,2,1,1,1,1,39,5
825,13,8,1,7,1,1,1,1,52,6
826,13,8,2,6,1,1,1,1,58,0
827,13,8,3,3,1,1,1,1,55,2
828,13,8,4,3,1,1,1,1,42,4
829,13,8,5,5,1,1,1,1,62,4
830,13,8,6,2,1,1,1,1,52,4
831,13,8,7,2,1,1,1,1,32,4
832,13,8,8,1,0,0,0,0,72,3
833,14,1,1,17,6,4,3,2,54,3
834,14,1,2,6,2,1,1,1,45,3
835,14,1,3,6,2,1,1,1,34,1
836,14,1,4,6,2,1,1,1,21,2
837,14,1,5,7,2,1,1,1,49,5
838,14,1,6,1,0,0,0,0,34,0
839,14,1,7,2,1,0,0,0,37,6
840,14,1,8,7,3,2,1,1,54,1
841,14,2,1,16,6,3,2,2,43,6
842,14,2,2,5,2,1,1,1,39,0
843,14,2,3,4,1,1,1,1,37,1
844,14,2,4,6,2,1,1,1,45,1
845,14,2,5,2,1,1,1,1,51,3
846,14,2,6,2,1,1,1,1,21,5
847,14,2,7,2,1,1,1,1,56,4
848,14,2,8,4,1,0,0,0,34,4
849,14,3,1,12,6,3,2,2,29,3
850,14,3,2,1,0,0,0,0,21,3
851,14,3,3,7,4,2,1,1,36,0
852,14,3,4,4,2,1,1,1,31,4
853,14,3,5,2,1,1,1,1,25,3
854,14,3,6,6,3,2,1,1,24,5
855,14,3,7,3,1,1,1,1,32,3
856,14,3,8,5,2,1,1,1,26,1
857,14,4,1,13,5,3,2,2,35,4
858,14,4,2,1,0,0,0,0,51,3
859,14,4,3,3,1,1,1,1,30,5
860,14,4,4,9,3,2,1,1,55,2
861,14,4,5,1,0,0,0,0,34,3
862,14,4,6,2,1,1,1,1,27,3
863,14,4,7,2,1,1,1,1,38,4
864,14,4,8,4,2,1,1,1,44,3
865,14,5,1,18,4,2,1,1,49,2
866,14,5,2,3,1,1,1,1,40,5
867,14,5,3,6,2,1,1,1,46,1
868,14,5,4,2,0,0,0,0,59,1
869,14,5,5,5,1,1,1,1,60,3
870,14,5,6,4,1,1,1,1,46,6
871,14,5,7,7,2,1,1,1,19,4
872,14,5,8,1,0,0,0,0,38,1
873,14,6,1,10,3,2,1,1,44,3
874,14,6,2,7,2,1,1,1,46,1
875,14,6,3,4,1,1,1,1,43,4
876,14,6,4,5,1,1,1,1,23,3
877,14,6,5,5,1,1,1,1,36,3
878,14,6,6,2,0,0,0,0,51,5
879,14,6,7,2,1,1,1,1,47,1
880,14,6,8,3,1,1,1,1,86,4
881,14,7,1,10,4,2,1,1,48,2
882,14,7,2,1,0,0,0,0,32,6
883,14,7,3,3,1,0,0,0,17,1
884,14,7,4,3,1,1,1,1,36,3
885,14,7,5,3,1,0,0,0,38,5
886,14,7,6,6,2,1,1,1,39,3
887,14,7,7,7,2,1,1,1,48,2
888,14,7,8,1,0,0,0,0,30,4
889,14,8,1,11,3,2,1,1,53,4
890,14,8,2,3,1,1,1,1,27,3
891,14,8,3,3,1,1,1,1,41,3
892,14,8,4,5,1,1,1,1,48,3
893,14,8,5,4,1,1,1,1,54,2
894,14,8,6,2,0,0,0,0,44,1
895,14,8,7,6,1,1,1,1,58,5
896,14,8,8,5,1,1,1,1,54,6
897,15,1,1,7,3,2,1,1,27,5
898,15,1,2,4,1,1,1,1,36,1
899,15,1,3,4,1,1,1,1,45,1
900,15,1,4,3,1,1,1,1,34,4
901,15,1,5,2,1,1,1,1,50,2
902,15,1,6,3,1,0,0,0,27,1
903,15,1,7,4,1,0,0,0,54,2
904,15,1,8,6,2,1,1,1,40,5
905,15,2,1,13,5,3,2,1,36,0
906,15,2,2,3,1,1,1,1,38,3
907,15,2,3,3,1,0,0,0,47,2
908,15,2,4,8,3,2,1,1,42,1
909,15,2,5,4,1,1,1,1,16,4
910,15,2,6,2,1,1,1,1,46,3
911,15,2,7,2,1,1,1,1,15,6
912,15,2,8,1,0,0,0,0,32,1
913,15,3,1,13,6,3,2,1,23,4
914,15,3,2,3,1,1,1,1,19,5
915,15,3,3,4,2,1,1,1,33,0
916,15,3,4,6,3,2,1,1,22,1
917,15,3,5,2,1,1,1,1,22,3
918,15,3,6,5,2,1,1,1,34,5
919,15,3,7,4,2,1,1,1,22,3
920,15,3,8,1,0,0,0,0,25,3
921,15,4,1,18,7,4,2,1,49,1
922,15,4,2,6,2,1,1,1,23,2
923,15,4,3,1,0,0,0,0,34,3
924,15,4,4,7,2,1,1,1,49,3
925,15,4,5,6,2,1,1,1,17,2
926,15,4,6,8,3,1,1,1,31,2
927,15,4,7,4,1,0,0,0,43,2
928,15,4,8,4,1,0,0,0,14,2
929,15,5,1,11,3,2,1,1,50,3
930,15,5,2,5,1,1,1,1,36,3
931,15,5,3,4,1,1,1,1,43,5
932,15,5,4,5,1,1,1,1,49,4
933,15,5,5,4,1,1,1,1,56,7
934,15,5,6,4,1,1,1,1,66,4
935,15,5,7,7,2,1,1,1,65,0
936,15,5,8,4,1,1,1,1,35,5
937,15,6,1,16,3,2,1,1,33,6
938,15,6,2,1,0,0,0,0,61,4
939,15,6,3,1,0,0,0,0,60,3
940,15,6,4,1,0,0,0,0,50,3
941,15,6,5,7,2,1,1,1,54,1
942,15,6,6,1,0,0,0,0,56,1
943,15,6,7,2,0,0,0,0,58,3
944,15,6,8,7,2,1,1,1,54,3
945,15,7,1,13,5,3,2,2,36,7
946,15,7,2,3,1,1,1,1,41,2
947,15,7,3,1,0,0,0,0,33,2
948,15,7,4,7,2,1,1,1,18,4
949,15,7,5,2,1,0,0,0,56,2
950,15,7,6,5,2,1,1,1,44,1
951,15,7,7,6,2,1,1,1,39,2
952,15,7,8,1,0,0,0,0,27,4
953,15,8,1,11,3,2,1,1,52,7
954,15,8,2,6,1,1,1,1,33,4
955,15,8,3,4,1,1,1,1,46,5
956,15,8,4,3,1,1,1,1,66,6
957,15,8,5,1,0,0,0,0,56,4
958,15,8,6,2,0,0,0,0,35,5
959,15,8,7,5,1,1,1,1,42,2
960,15,8,8,6,1,1,1,1,76,0
961,16,1,1,10,4,2,1,1,23,7
962,16,1,2,3,1,0,0,0,39,5
963,16,1,3,2,1,1,1,1,39,5
964,16,1,4,2,1,1,1,1,18,2
965,16,1,5,5,2,1,1,1,28,3
966,16,1,6,6,2,1,1,1,29,4
967,16,1,7,4,1,0,0,0,36,2
968,16,1,8,3,1,1,1,1,33,2
969,16,2,1,7,2,1,1,1,41,6
970,16,2,2,3,1,1,1,1,43,5
971,16,2,3,8,3,2,1,1,50,0
972,16,2,4,4,1,1,1,1,35,3
973,16,2,5,3,1,0,0,0,49,1
974,16,2,6,5,2,1,1,1,36,3
975,16,2,7,4,1,0,0,0,39,6
976,16,2,8,2,1,1,1,1,46,1
977,16,3,1,16,8,4,2,2,16,2
978,16,3,2,6,3,1,1,1,18,2
979,16,3,3,5,2,1,0,0,27,4
980,16,3,4,4,2,1,1,1,24,4
981,16,3,5,3,1,1,0,0,23,5
982,16,3,6,1,1,0,0,0,23,1
983,16,3,7,3,1,1,1,1,28,2
984,16,3,8,1,0,0,0,0,20,4
985,16,4,1,8,3,2,1,1,35,5
986,16,4,2,7,2,1,1,1,54,2
987,16,4,3,2,1,1,1,1,21,3
988,16,4,4,3,1,1,1,1,33,5
989,16,4,5,5,2,1,1,1,37,1
990,16,4,6,5,2,1,1,1,40,2
991,16,4,7,2,1,1,1,1,54,1
992,16,4,8,6,2,1,1,1,36,3
993,16,5,1,17,4,3,2,1,68,1
994,16,5,2,2,0,0,0,0,65,2
995,16,5,3,4,1,1,1,1,70,9
996,16,5,4,3,1,1,1,1,56,2
997,16,5,5,8,2,1,1,1,31,1
998,16,5,6,1,0,0,0,0,42,3
999,16,5,7,3,1,1,1,1,52,2
1000,16,5,8,7,2,1,1,1,45,2
1001,16,6,1,12,3,2,2,1,62,2
1002,16,6,2,3,1,1,1,1,46,4
1003,16,6,3,3,1,1,1,1,14,2
1004,16,6,4,2,0,0,0,0,34,5
1005,16,6,5,4,1,1,1,1,60,3
1006,16,6,6,6,1,1,1,1,46,0
1007,16,6,7,2,0,0,0,0,36,4
1008,16,6,8,2,0,0,0,0,58,8
1009,16,7,1,11,4,2,1,1,24,5
1010,16,7,2,1,0,0,0,0,39,3
1011,16,7,3,2,1,1,1,1,36,4
1012,16,7,4,5,2,1,1,1,49,3
1013,16,7,5,2,1,0,0,0,26,3
1014,16,7,6,1,0,0,0,0,32,4
1015,16,7,7,1,0,0,0,0,32,2
1016,16,7,8,6,2,1,1,1,36,6
1017,16,8,1,15,4,2,1,1,57,2
1018,16,8,2,4,1,1,1,1,38,0
1019,16,8,3,9,3,2,1,1,66,2
1020,16,8,4,4,1,1,1,1,42,2
1021,16,8,5,7,2,1,1,1,35,3
1022,16,8,6,6,2,1,1,1,17,3
1023,16,8,7,6,1,1,1,1,14,2
1024,16,8,8,2,1,1,1,1,46,2
1025,17,1,1,9,3,2,1,1,24,4
1026,17,1,2,3,1,1,1,1,15,8
1027,17,1,3,1,0,0,0,0,33,5
1028,17,1,4,2,1,0,0,0,31,5
1029,17,1,5,6,2,1,1,1,37,5
1030,17,1,6,3,1,1,1,1,50,2
1031,17,1,7,3,1,1,1,1,41,6
1032,17,1,8,4,1,0,0,0,52,1
1033,17,2,1,12,4,2,1,1,59,1
1034,17,2,2,2,1,1,1,1,35,2
1035,17,2,3,2,1,1,1,1,36,2
1036,17,2,4,1,0,0,0,0,47,4
1037,17,2,5,4,1,1,1,1,37,2
1038,17,2,6,9,3,2,1,1,27,9
1039,17,2,7,3,1,1,1,1,25,1
1040,17,2,8,4,2,1,1,1,52,0
1041,17,3,1,11,5,3,1,1,37,4
1042,17,3,2,7,3,1,1,1,31,1
1043,17,3,3,4,2,1,1,1,42,2
1044,17,3,4,3,2,1,1,1,23,4
1045,17,3,5,2,1,1,1,1,32,4
1046,17,3,6,6,2,1,0,0,26,1
1047,17,3,7,2,1,1,1,1,29,3
1048,17,3,8,3,1,0,0,0,25,5
1049,17,4,1,9,3,2,1,1,52,4
1050,17,4,2,6,2,1,1,1,35,3
1051,17,4,3,3,1,1,1,1,25,3
1052,17,4,4,4,1,0,0,0,49,4
1053,17,4,5,5,2,1,1,1,37,0
1054,17,4,6,5,2,1,1,1,23,8
1055,17,4,7,2,1,1,1,1,57,6
1056,17,4,8,5,2,1,1,1,39,2
1057,17,5,1,8,2,1,1,1,66,6
1058,17,5,2,5,1,1,1,1,72,5
1059,17,5,3,3,1,1,1,1,45,0
1060,17,5,4,5,1,1,1,1,59,5
1061,17,5,5,4,1,1,1,1,52,5
1062,17,5,6,2,1,1,1,1,48,4
1063,17,5,7,2,1,1,1,1,59,1
1064,17,5,8,3,1,1,1,1,39,1
1065,17,6,1,11,2,1,1,1,87,5
1066,17,6,2,2,0,0,0,0,77,2
1067,17,6,3,7,2,1,1,1,55,4
1068,17,6,4,5,1,1,1,1,66,5
1069,17,6,5,6,2,1,1,1,23,0
1070,17,6,6,2,0,0,0,0,41,5
1071,17,6,7,6,1,1,1,1,71,6
1072,17,6,8,6,2,1,1,1,57,2
1073,17,7,1,14,4,2,1,1,52,2
1074,17,7,2,3,1,1,1,1,31,2
1075,17,7,3,6,2,1,1,1,27,1
1076,17,7,4,5,2,1,1,1,36,2
1077,17,7,5,8,3,2,1,1,28,3
1078,17,7,6,6,2,1,1,1,36,0
1079,17,7,7,4,2,1,1,1,22,3
1080,17,7,8,4,1,1,1,1,53,1
1081,17,8,1,13,3,2,2,2,71,7
1082,17,8,2,4,1,1,1,1,43,1
1083,17,8,3,2,1,1,1,1,67,4
1084,17,8,4,3,1,1,1,1,51,4
1085,17,8,5,7,1,1,1,1,37,5
1086,17,8,6,5,1,1,1,1,56,1
1087,17,8,7,2,0,0,0,0,47,2
1088,17,8,8,2,1,1,1,1,53,1
1089,18,1,1,15,5,3,2,2,15,3
1090,18,1,2,1,0,0,0,0,28,3
1091,18,1,3,5,2,1,1,1,39,1
1092,18,1,4,3,1,1,1,1,32,3
1093,18,1,5,2,1,1,1,1,55,5
1094,18,1,6,5,2,1,1,1,31,3
1095,18,1,7,1,0,0,0,0,41,4
1096,18,1,8,2,1,1,1,1,33,3
1097,18,2,1,6,2,1,1,1,59,2
1098,18,2,2,4,1,1,1,1,45,1
1099,18,2,3,3,1,1,1,1,48,4
1100,18,2,4,2,1,1,1,1,33,3
1101,18,2,5,4,1,1,1,1,44,4
1102,18,2,6,5,2,1,1,1,40,4
1103,18,2,7,8,3,2,1,1,43,4
1104,18,2,8,5,2,1,1,1,47,3
1105,18,3,1,8,3,2,1,1,31,2
1106,18,3,2,4,2,1,0,0,38,4
1107,18,3,3,2,1,0,0,0,34,3
1108,18,3,4,1,0,0,0,0,32,5
1109,18,3,5,1,0,0,0,0,27,2
1110,18,3,6,2,1,1,1,1,28,3
1111,18,3,7,5,3,1,1,1,15,4
1112,18,3,8,5,2,1,1,1,21,4
1113,18,4,1,11,4,2,1,1,41,2
1114,18,4,2,7,3,1,1,1,40,3
1115,18,4,3,4,1,1,1,1,24,2
1116,18,4,4,5,2,1,1,1,38,2
1117,18,4,5,3,1,1,1,1,42,5
1118,18,4,6,2,1,0,0,0,26,3
1119,18,4,7,4,2,1,1,1,34,2
1120,18,4,8,4,1,1,1,1,15,4
1121,18,5,1,15,4,3,2,2,58,4
1122,18,5,2,1,0,0,0,0,48,1
1123,18,5,3,3,1,1,1,1,53,2
1124,18,5,4,3,1,1,1,1,65,2
1125,18,5,5,7,2,1,1,1,39,0
1126,18,5,6,5,1,1,1,1,49,4
1127,18,5,7,6,1,1,1,1,78,6
1128,18,5,8,4,1,1,1,1,58,1
1129,18,6,1,13,4,3,2,2,48,4
1130,18,6,2,1,0,0,0,0,60,3
1131,18,6,3,2,0,0,0,0,45,1
1132,18,6,4,6,2,1,1,1,53,0
1133,18,6,5,1,0,0,0,0,48,4
1134,18,6,6,6,1,1,1,1,46,2
1135,18,6,7,4,1,1,1,1,42,2
1136,18,6,8,3,1,1,1,1,70,5
1137,18,7,1,9,3,2,1,1,40,3
1138,18,7,2,1,0,0,0,0,44,4
1139,18,7,3,1,0,0,0,0,36,4
1140,18,7,4,4,2,1,1,1,35,2
1141,18,7,5,4,1,1,1,1,43,1
1142,18,7,6,3,1,1,1,1,33,1
1143,18,7,7,4,1,1,1,1,50,2
1144,18,7,8,4,1,1,1,1,48,2
1145,18,8,1,11,3,2,2,2,62,2
1146,18,8,2,5,1,1,1,1,54,3
1147,18,8,3,4,1,1,1,1,47,1
1148,18,8,4,5,1,1,1,1,64,2
1149,18,8,5,5,1,1,1,1,75,1
1150,18,8,6,2,0,0,0,0,39,2
1151,18,8,7,4,1,1,1,1,59,4
1152,18,8,8,4,1,1,1,1,60,1
1153,19,1,1,11,4,2,1,1,27,2
1154,19,1,2,5,2,1,1,1,41,2
1155,19,1,3,5,2,1,1,1,38,4
1156,19,1,4,6,2,1,1,1,46,5
1157,19,1,5,4,1,1,1,1,37,1
1158,19,1,6,1,0,0,0,0,23,7
1159,19,1,7,7,2,1,1,1,16,3
1160,19,1,8,3,1,1,1,1,47,7
1161,19,2,1,7,2,1,1,1,37,5
1162,19,2,2,2,1,1,1,1,36,7
1163,19,2,3,7,3,1,1,1,31,2
1164,19,2,4,2,1,1,1,1,49,3
1165,19,2,5,5,2,1,1,1,40,2
1166,19,2,6,4,1,0,0,0,39,2
1167,19,2,7,7,2,1,1,1,40,5
1168,19,2,8,3,1,1,1,1,24,3
1169,19,3,1,18,8,4,2,1,30,2
1170,19,3,2,5,2,1,1,1,32,3
1171,19,3,3,5,2,1,1,1,31,5
1172,19,3,4,2,1,0,0,0,23,0
1173,19,3,5,4,2,1,1,1,17,2
1174,19,3,6,3,1,0,0,0,34,2
1175,19,3,7,1,0,0,0,0,19,5
1176,19,3,8,5,2,1,1,1,31,4
1177,19,4,1,3,1,0,0,0,30,4
1178,19,4,2,5,2,1,1,1,26,1
1179,19,4,3,3,1,1,1,1,40,1
1180,19,4,4,1,0,0,0,0,40,6
1181,19,4,5,1,0,0,0,0,16,0
1182,19,4,6,2,1,0,0,0,42,2
1183,19,4,7,5,1,1,1,1,31,4
1184,19,4,8,2,1,1,1,1,37,3
1185,19,5,1,10,2,1,1,1,45,2
1186,19,5,2,7,2,1,1,1,16,6
1187,19,5,3,4,1,1,1,1,35,4
1188,19,5,4,6,1,1,1,1,82,6
1189,19,5,5,1,0,0,0,0,63,0
1190,19,5,6,4,1,1,1,1,36,3
1191,19,5,7,2,0,0,0,0,24,5
1192,19,5,8,3,1,1,1,1,36,5
1193,19,6,1,11,3,2,1,1,81,6
1194,19,6,2,6,2,1,1,1,38,2
1195,19,6,3,6,1,1,1,1,56,1
1196,19,6,4,1,0,0,0,0,52,5
1197,19,6,5,9,2,1,1,1,79,5
1198,19,6,6,1,0,0,0,0,53,2
1199,19,6,7,5,1,1,1,1,54,2
1200,19,6,8,2,0,0,0,0,32,6
1201,19,7,1,15,5,2,1,1,36,2
1202,19,7,2,6,2,1,1,1,30,1
1203,19,7,3,1,0,0,0,0,26,4
1204,19,7,4,7,2,1,1,1,45,2
1205,19,7,5,4,1,1,1,1,45,3
1206,19,7,6,2,1,1,1,1,49,5
1207,19,7,7,5,2,1,1,1,46,1
1208,19,7,8,3,1,1,1,1,47,7
1209,19,8,1,18,5,4,2,2,59,3
1210,19,8,2,5,1,1,1,1,45,2
1211,19,8,3,10,2,1,1,1,14,6
1212,19,8,4,4,1,1,1,1,36,8
1213,19,8,5,5,1,1,1,1,54,1
1214,19,8,6,3,1,1,1,1,32,3
1215,19,8,7,2,1,1,1,1,62,4
1216,19,8,8,1,0,0,0,0,71,1
1217,20,1,1,16,6,3,2,2,53,3
1218,20,1,2,2,1,1,1,1,24,2
1219,20,1,3,8,3,2,1,1,43,1
1220,20,1,4,4,1,1,1,1,47,1
1221,20,1,5,5,2,1,1,1,28,4
1222,20,1,6,1,0,0,0,0,43,0
1223,20,1,7,3,1,1,1,1,35,1
1224,20,1,8,5,2,1,1,1,15,1
1225,20,2,1,13,5,3,2,2,22,6
1226,20,2,2,3,1,1,1,1,40,2
1227,20,2,3,4,1,1,1,1,42,4
1228,20,2,4,10,3,2,1,1,19,2
1229,20,2,5,3,1,1,1,1,25,4
1230,20,2,6,2,1,1,1,1,50,2
1231,20,2,7,5,2,1,1,1,37,3
1232,20,2,8,3,1,1,1,1,29,4
1233,20,3,1,13,5,2,1,1,43,3
1234,20,3,2,4,2,1,1,1,24,4
1235,20,3,3,4,2,1,1,1,32,5
1236,20,3,4,3,1,0,0,0,33,2
1237,20,3,5,5,3,2,1,1,32,7
1238,20,3,6,3,2,1,1,1,34,5
1239,20,3,7,9,3,1,0,0,16,6
1240,20,3,8,3,1,0,0,0,23,2
1241,20,4,1,7,2,1,1,1,20,2
1242,20,4,2,6,2,1,1,1,25,2
1243,20,4,3,6,2,1,1,1,47,3
1244,20,4,4,4,1,1,1,1,46,5
1245,20,4,5,3,1,1,1,1,52,3
1246,20,4,6,5,2,1,1,1,32,2
1247,20,4,7,4,1,1,1,1,17,6
1248,20,4,8,4,1,1,1,1,57,1
1249,20,5,1,10,3,2,1,1,52,4
1250,20,5,2,1,0,0,0,0,77,4
1251,20,5,3,3,1,1,1,1,66,3
1252,20,5,4,6,1,1,1,1,61,5
1253,20,5,5,6,1,1,1,1,45,5
1254,20,5,6,6,2,1,1,1,68,4
1255,20,5,7,6,1,1,1,1,42,1
1256,20,5,8,3,1,1,1,1,35,3
1257,20,6,1,8,2,1,1,1,46,1
1258,20,6,2,7,2,1,1,1,53,3
1259,20,6,3,2,1,1,1,1,37,2
1260,20,6,4,3,1,1,1,1,47,3
1261,20,6,5,5,1,1,1,1,73,3
1262,20,6,6,2,1,1,1,1,16,4
1263,20,6,7,6,1,1,1,1,62,5
1264,20,6,8,8,2,1,1,1,53,6
1265,20,7,1,14,5,3,2,2,36,4
1266,20,7,2,5,2,1,1,1,29,5
1267,20,7,3,2,1,0,0,0,30,3
1268,20,7,4,5,2,1,1,1,35,3
1269,20,7,5,3,1,0,0,0,32,4
1270,20,7,6,4,1,1,1,1,37,6
1271,20,7,7,4,1,1,1,1,17,3
1272,20,7,8,4,1,1,1,1,41,2
1273,20,8,1,18,4,3,2,2,52,3
1274,20,8,2,5,1,1,1,1,37,3
1275,20,8,3,6,2,1,1,1,56,3
1276,20,8,4,5,1,1,1,1,47,3
1277,20,8,5,3,1,1,1,1,55,1
1278,20,8,6,4,1,1,1,1,54,2
1279,20,8,7,1,0,0,0,0,48,4
1280,20,8,8,3,1,1,1,1,39,2
1281,21,1,1,11,4,2,1,1,51,1
1282,21,1,2,1,0,0,0,0,30,3
1283,21,1,3,3,1,1,1,1,29,4
1284,21,1,4,3,1,1,1,1,31,4
1285,21,1,5,4,1,1,1,1,14,1
1286,21,1,6,4,2,1,1,1,28,4
1287,21,1,7,5,2,1,1,1,33,2
1288,21,1,8,2,1,0,0,0,30,3
1289,21,2,1,9,3,2,1,1,27,5
1290,21,2,2,5,2,1,1,1,43,2
1291,21,2,3,6,2,1,1,1,32,3
1292,21,2,4,5,2,1,1,1,26,2
1293,21,2,5,9,3,2,1,1,22,2
1294,21,2,6,5,2,1,1,1,33,5
1295,21,2,7,1,0,0,0,0,40,3
1296,21,2,8,3,1,1,1,1,24,0
1297,21,3,1,10,4,2,1,1,34,6
1298,21,3,2,4,2,1,1,1,34,4
1299,21,3,3,2,1,1,1,1,39,5
1300,21,3,4,9,4,2,1,1,26,0
1301,21,3,5,5,2,1,1,1,22,6
1302,21,3,6,8,3,1,1,1,27,5
1303,21,3,7,2,1,1,0,0,40,0
1304,21,3,8,2,1,1,0,0,45,2
1305,21,4,1,10,3,2,1,1,22,1
1306,21,4,2,8,3,2,1,1,39,3
1307,21,4,3,6,2,1,1,1,52,5
1308,21,4,4,3,1,1,1,1,30,7
1309,21,4,5,4,2,1,1,1,25,2
1310,21,4,6,2,1,1,1,1,50,3
1311,21,4,7,10,3,2,1,1,31,1
1312,21,4,8,4,1,1,1,1,47,4
1313,21,5,1,9,2,1,1,1,38,1
1314,21,5,2,3,1,1,1,1,67,2
1315,21,5,3,1,0,0,0,0,46,3
1316,21,5,4,5,1,1,1,1,41,4
1317,21,5,5,1,0,0,0,0,68,1
1318,21,5,6,5,1,1,1,1,51,4
1319,21,5,7,5,1,1,1,1,31,2
1320,21,5,8,4,1,1,1,1,50,2
1321,21,6,1,14,4,2,1,1,45,5
1322,21,6,2,9,2,1,1,1,34,1
1323,21,6,3,3,1,1,1,1,58,6
1324,21,6,4,3,1,1,1,1,66,1
1325,21,6,5,5,1,1,1,1,57,2
1326,21,6,6,3,1,1,1,1,71,8
1327,21,6,7,5,1,1,1,1,70,3
1328,21,6,8,4,1,1,1,1,29,2
1329,21,7,1,17,5,3,2,2,40,2
1330,21,7,2,4,1,1,1,1,35,4
1331,21,7,3,7,2,1,1,1,38,4
1332,21,7,4,1,0,0,0,0,26,4
1333,21,7,5,8,3,2,1,1,44,3
1334,21,7,6,2,1,1,1,1,37,3
1335,21,7,7,7,2,1,1,1,38,3
1336,21,7,8,6,2,1,1,1,50,2
1337,21,8,1,10,3,2,1,1,37,3
1338,21,8,2,6,1,1,1,1,50,2
1339,21,8,3,1,0,0,0,0,56,3
1340,21,8,4,6,2,1,1,1,41,3
1341,21,8,5,4,1,1,1,1,64,3
1342,21,8,6,8,2,1,1,1,66,7
1343,21,8,7,5,1,1,1,1,51,4
1344,21,8,8,7,2,1,1,1,56,4
1345,22,1,1,12,4,2,1,1,30,3
1346,22,1,2,9,3,2,1,1,51,5
1347,22,1,3,1,0,0,0,0,41,5
1348,22,1,4,5,2,1,1,1,48,1
1349,22,1,5,3,1,1,1,1,34,4
1350,22,1,6,8,3,2,1,1,23,1
1351,22,1,7,7,3,2,1,1,55,7
1352,22,1,8,3,1,1,1,1,45,1
1353,22,2,1,6,2,1,1,1,34,9
1354,22,2,2,3,1,1,1,1,21,10
1355,22,2,3,4,2,1,1,1,32,2
1356,22,2,4,2,1,0,0,0,39,3
1357,22,2,5,3,1,1,1,1,29,3
1358,22,2,6,5,2,1,1,1,51,3
1359,22,2,7,5,2,1,1,1,16,4
1360,22,2,8,2,1,1,1,1,37,5
1361,22,3,1,17,8,4,2,1,27,2
1362,22,3,2,6,3,1,1,1,33,3
1363,22,3,3,2,1,0,0,0,16,6
1364,22,3,4,1,0,0,0,0,28,4
1365,22,3,5,2,1,1,1,1,23,3
1366,22,3,6,1,0,0,0,0,22,1
1367,22,3,7,3,1,0,0,0,21,4
1368,22,3,8,3,1,1,1,1,27,2
1369,22,4,1,14,6,3,2,2,38,2
1370,22,4,2,3,1,1,1,1,25,2
1371,22,4,3,6,2,1,1,1,18,4
1372,22,4,4,4,2,1,1,1,31,3
1373,22,4,5,3,1,1,1,1,44,2
1374,22,4,6,3,1,1,1,1,40,3
1375,22,4,7,4,1,1,1,1,45,3
1376,22,4,8,5,2,1,1,1,40,3
1377,22,5,1,8,2,1,1,1,44,3
1378,22,5,2,2,1,1,1,1,57,2
1379,22,5,3,3,1,1,1,1,58,1
1380,22,5,4,9,2,1,1,1,20,3
1381,22,5,5,3,1,1,1,1,51,1
1382,22,5,6,4,1,1,1,1,56,4
1383,22,5,7,3,1,1,1,1,75,2
1384,22,5,8,3,1,1,1,1,59,3
1385,22,6,1,15,4,3,2,2,48,2
1386,22,6,2,5,1,1,1,1,48,1
1387,22,6,3,8,2,1,1,1,59,3
1388,22,6,4,7,2,1,1,1,58,3
1389,22,6,5,2,1,1,1,1,51,0
1390,22,6,6,2,1,1,1,1,58,8
1391,22,6,7,6,2,1,1,1,69,4
1392,22,6,8,4,1,1,1,1,47,1
1393,22,7,1,15,6,4,2,2,21,2
1394,22,7,2,7,3,2,1,1,44,5
1395,22,7,3,6,2,1,1,1,38,3
1396,22,7,4,6,2,1,1,1,31,3
1397,22,7,5,5,2,1,1,1,33,3
1398,22,7,6,3,1,1,1,1,32,1
1399,22,7,7,2,1,1,1,1,44,3
1400,22,7,8,3,1,0,0,0,35,2
1401,22,8,1,9,3,2,1,1,44,4
1402,22,8,2,4,1,1,1,1,66,6
1403,22,8,3,2,0,0,0,0,27,5
1404,22,8,4,4,1,1,1,1,36,3
1405,22,8,5,4,1,1,1,1,50,3
1406,22,8,6,3,1,1,1,1,66,2
1407,22,8,7,6,2,1,1,1,51,2
1408,22,8,8,7,2,1,1,1,77,3
1409,23,1,1,5,2,1,1,1,53,1
1410,23,1,2,1,0,0,0,0,28,5
1411,23,1,3,3,1,1,1,1,14,2
1412,23,1,4,4,1,1,1,1,40,3
1413,23,1,5,5,2,1,1,1,52,2
1414,23,1,6,6,2,1,1,1,22,5
1415,23,1,7,5,2,1,1,1,44,4
1416,23,1,8,5,2,1,1,1,26,1
1417,23,2,1,11,3,2,1,1,20,3
1418,23,2,2,1,0,0,0,0,41,3
1419,23,2,3,5,2,1,1,1,41,4
1420,23,2,4,5,2,1,1,1,44,2
1421,23,2,5,3,1,1,1,1,40,3
1422,23,2,6,2,1,1,1,1,56,2
1423,23,2,7,3,1,1,1,1,34,2
1424,23,2,8,4,1,1,1,1,47,3
1425,23,3,1,10,4,2,1,1,42,4
1426,23,3,2,4,2,1,0,0,25,5
1427,23,3,3,1,0,0,0,0,28,2
1428,23,3,4,9,4,2,1,1,23,1
1429,23,3,5,3,1,0,0,0,33,4
1430,23,3,6,3,1,0,0,0,34,3
1431,23,3,7,2,1,0,0,0,33,2
1432,23,3,8,4,2,1,1,1,31,3
1433,23,4,1,20,8,4,3,3,46,2
1434,23,4,2,5,2,1,1,1,28,4
1435,23,4,3,6,2,1,1,1,29,6
1436,23,4,4,1,0,0,0,0,47,3
1437,23,4,5,7,2,1,1,1,33,2
1438,23,4,6,5,2,1,1,1,20,1
1439,23,4,7,6,2,1,1,1,28,0
1440,23,4,8,3,1,1,1,1,35,3
1441,23,5,1,9,2,1,1,1,38,2
1442,23,5,2,6,2,1,1,1,44,5
1443,23,5,3,3,1,1,1,1,48,4
1444,23,5,4,3,1,1,1,1,36,5
1445,23,5,5,4,1,1,1,1,44,6
1446,23,5,6,2,1,1,1,1,81,3
1447,23,5,7,3,1,1,1,1,42,3
1448,23,5,8,6,2,1,1,1,44,2
1449,23,6,1,11,3,2,1,1,67,2
1450,23,6,2,5,1,1,1,1,61,0
1451,23,6,3,6,1,1,1,1,75,4
1452,23,6,4,3,1,1,1,1,69,4
1453,23,6,5,1,0,0,0,0,72,6
1454,23,6,6,1,0,0,0,0,48,3
1455,23,6,7,4,1,1,1,1,54,4
1456,23,6,8,4,1,1,1,1,29,3
1457,23,7,1,7,2,1,1,1,42,4
1458,23,7,2,2,1,1,1,1,50,6
1459,23,7,3,4,1,1,1,1,48,0
1460,23,7,4,5,2,1,1,1,25,1
1461,23,7,5,6,2,1,1,1,43,4
1462,23,7,6,3,1,1,1,1,52,1
1463,23,7,7,5,2,1,1,1,51,3
1464,23,7,8,5,1,1,1,1,36,4
1465,23,8,1,16,4,3,2,2,70,4
1466,23,8,2,1,0,0,0,0,31,1
1467,23,8,3,7,2,1,1,1,62,3
1468,23,8,4,9,2,1,1,1,39,6
1469,23,8,5,2,0,0,0,0,61,1
1470,23,8,6,8,2,1,1,1,37,1
1471,23,8,7,2,0,0,0,0,39,1
1472,23,8,8,5,1,1,1,1,48,5
1473,24,1,1,23,7,4,3,3,34,3
1474,24,1,2,2,1,1,1,1,37,1
1475,24,1,3,8,3,2,1,1,36,6
1476,24,1,4,3,1,0,0,0,40,2
1477,24,1,5,3,1,1,1,1,39,4
1478,24,1,6,2,1,1,1,1,32,3
1479,24,1,7,2,1,1,1,1,38,3
1480,24,1,8,4,2,1,1,1,59,2
1481,24,2,1,8,3,2,1,1,39,3
1482,24,2,2,4,2,1,1,1,38,4
1483,24,2,3,4,2,1,1,1,44,3
1484,24,2,4,4,1,0,0,0,48,2
1485,24,2,5,1,0,0,0,0,45,3
1486,24,2,6,3,1,1,1,1,29,3
1487,24,2,7,4,1,0,0,0,31,3
1488,24,2,8,8,3,2,1,1,23,7
1489,24,3,1,11,6,3,2,1,22,2
1490,24,3,2,6,3,2,1,1,28,5
1491,24,3,3,2,1,0,0,0,21,4
1492,24,3,4,6,3,1,1,1,24,4
1493,24,3,5,2,1,0,0,0,23,3
1494,24,3,6,3,1,1,1,1,14,1
1495,24,3,7,7,3,2,1,1,19,6
1496,24,3,8,3,1,0,0,0,29,1
1497,24,4,1,12,4,3,2,2,41,3
1498,24,4,2,3,1,1,1,1,38,4
1499,24,4,3,2,1,1,1,1,48,3
1500,24,4,4,2,1,1,1,1,37,2
1501,24,4,5,1,0,0,0,0,30,4
1502,24,4,6,6,2,1,1,1,27,1
1503,24,4,7,7,3,2,1,1,38,4
1504,24,4,8,6,2,1,1,1,34,3
1505,24,5,1,7,2,1,1,1,62,4
1506,24,5,2,6,2,1,1,1,60,2
1507,24,5,3,7,2,1,1,1,39,2
1508,24,5,4,6,2,1,1,1,32,1
1509,24,5,5,2,0,0,0,0,73,2
1510,24,5,6,3,1,1,1,1,47,2
1511,24,5,7,3,1,1,1,1,60,3
1512,24,5,8,4,1,1,1,1,46,7
1513,24,6,1,11,3,2,1,1,32,5
1514,24,6,2,4,1,1,1,1,86,2
1515,24,6,3,1,0,0,0,0,51,5
1516,24,6,4,6,1,1,1,1,42,1
1517,24,6,5,3,1,1,1,1,35,2
1518,24,6,6,2,0,0,0,0,53,3
1519,24,6,7,8,2,1,1,1,53,1
1520,24,6,8,2,1,1,1,1,57,7
1521,24,7,1,12,4,3,2,1,40,2
1522,24,7,2,6,2,1,1,1,35,3
1523,24,7,3,2,1,0,0,0,42,3
1524,24,7,4,5,1,1,1,1,36,1
1525,24,7,5,3,1,1,1,1,29,8
1526,24,7,6,3,1,1,1,1,41,4
1527,24,7,7,4,1,1,1,1,33,2
1528,24,7,8,2,1,1,1,1,33,2
1529,24,8,1,18,4,3,2,2,53,3
1530,24,8,2,1,0,0,0,0,58,4
1531,24,8,3,4,1,1,1,1,43,3
1532,24,8,4,6,1,1,1,1,64,6
1533,24,8,5,3,1,1,1,1,65,2
1534,24,8,6,4,1,1,1,1,52,6
1535,24,8,7,4,1,1,1,1,25,2
1536,24,8,8,5,1,1,1,1,61,5
1537,25,1,1,15,5,3,2,2,38,2
1538,25,1,2,5,2,1,1,1,36,2
1539,25,1,3,9,3,1,1,1,52,3
1540,25,1,4,4,2,1,1,1,40,2
1541,25,1,5,4,1,1,1,1,35,4
1542,25,1,6,1,0,0,0,0,47,5
1543,25,1,7,3,1,1,1,1,18,1
1544,25,1,8,3,1,1,1,1,39,1
1545,25,2,1,7,3,2,1,1,27,3
1546,25,2,2,2,1,1,1,1,47,2
1547,25,2,3,4,1,0,0,0,36,1
1548,25,2,4,4,1,0,0,0,37,2
1549,25,2,5,5,2,1,1,1,58,3
1550,25,2,6,2,1,1,1,1,43,2
1551,25,2,7,3,1,1,1,1,33,5
1552,25,2,8,4,1,1,1,1,40,2
1553,25,3,1,13,6,3,2,2,26,0
1554,25,3,2,7,3,2,1,1,29,0
1555,25,3,3,1,0,0,0,0,42,6
1556,25,3,4,3,1,0,0,0,35,4
1557,25,3,5,4,2,1,1,1,26,1
1558,25,3,6,4,2,1,1,1,29,3
1559,25,3,7,5,2,1,0,0,32,0
1560,25,3,8,2,1,1,1,1,35,3
1561,25,4,1,22,9,5,3,2,51,6
1562,25,4,2,3,1,1,1,1,32,2
1563,25,4,3,6,2,1,1,1,19,3
1564,25,4,4,1,0,0,0,0,60,2
1565,25,4,5,1,0,0,0,0,42,3
1566,25,4,6,8,2,1,1,1,37,1
1567,25,4,7,9,3,1,1,1,39,0
1568,25,4,8,7,2,1,1,1,47,1
1569,25,5,1,9,2,1,1,1,44,1
1570,25,5,2,5,1,1,1,1,68,5
1571,25,5,3,7,2,1,1,1,67,3
1572,25,5,4,5,1,1,1,1,40,3
1573,25,5,5,2,1,1,1,1,87,3
1574,25,5,6,5,1,1,1,1,69,1
1575,25,5,7,1,0,0,0,0,66,2
1576,25,5,8,4,1,1,1,1,70,3
1577,25,6,1,12,3,2,1,1,27,2
1578,25,6,2,4,1,1,1,1,50,3
1579,25,6,3,9,3,2,1,1,50,5
1580,25,6,4,8,2,1,1,1,41,3
1581,25,6,5,7,2,1,1,1,64,2
1582,25,6,6,10,2,1,1,1,62,4
1583,25,6,7,3,1,1,1,1,54,5
1584,25,6,8,7,2,1,1,1,43,4
1585,25,7,1,9,4,2,1,1,25,6
1586,25,7,2,3,1,1,1,1,32,5
1587,25,7,3,5,2,1,1,1,41,4
1588,25,7,4,3,1,0,0,0,48,3
1589,25,7,5,8,3,2,1,1,14,2
1590,25,7,6,3,1,1,1,1,38,1
1591,25,7,7,6,2,1,1,1,43,3
1592,25,7,8,4,1,0,0,0,55,2
1593,25,8,1,15,4,2,2,2,51,4
1594,25,8,2,4,1,1,1,1,63,1
1595,25,8,3,2,0,0,0,0,50,3
1596,25,8,4,5,1,1,1,1,43,1
1597,25,8,5,6,1,1,1,1,57,5
1598,25,8,6,6,1,1,1,1,38,2
1599,25,8,7,5,1,1,1,1,67,3
1600,25,8,8,8,2,1,1,1,59,5
1601,26,1,1,16,5,2,1,1,29,5
1602,26,1,2,2,1,1,1,1,45,3
1603,26,1,3,6,2,1,1,1,34,4
1604,26,1,4,7,2,1,1,1,38,2
1605,26,1,5,6,2,1,1,1,52,5
1606,26,1,6,3,1,1,1,1,42,1
1607,26,1,7,6,2,1,1,1,14,2
1608,26,1,8,1,0,0,0,0,52,2
1609,26,2,1,9,3,1,1,1,44,4
1610,26,2,2,2,1,0,0,0,39,4
1611,26,2,3,1,0,0,0,0,45,3
1612,26,2,4,6,2,1,1,1,34,6
1613,26,2,5,3,1,1,1,1,53,4
1614,26,2,6,4,2,1,1,1,42,8
1615,26,2,7,6,2,1,1,1,49,2
1616,26,2,8,7,3,2,1,1,45,2
1617,26,3,1,14,7,4,2,2,29,5
1618,26,3,2,8,3,1,1,1,32,3
1619,26,3,3,8,3,1,0,0,42,2
1620,26,3,4,5,2,1,1,1,32,3
1621,26,3,5,4,2,1,1,1,34,6
1622,26,3,6,2,1,0,0,0,23,4
1623,26,3,7,1,0,0,0,0,27,2
1624,26,3,8,2,1,0,0,0,32,0
1625,26,4,1,23,8,4,2,2,50,2
1626,26,4,2,2,1,1,1,1,39,4
1627,26,4,3,5,2,1,1,1,42,2
1628,26,4,4,4,1,1,1,1,41,3
1629,26,4,5,5,2,1,1,1,26,2
1630,26,4,6,3,1,1,1,1,33,4
1631,26,4,7,3,1,1,1,1,45,0
1632,26,4,8,2,1,1,1,1,30,4
1633,26,5,1,11,3,2,2,2,57,4
1634,26,5,2,1,0,0,0,0,55,6
1635,26,5,3,3,1,1,1,1,53,7
1636,26,5,4,1,0,0,0,0,55,5
1637,26,5,5,3,1,1,1,1,36,4
1638,26,5,6,5,1,1,1,1,51,2
1639,26,5,7,1,0,0,0,0,68,3
1640,26,5,8,3,1,1,1,1,58,2
1641,26,6,1,13,3,2,1,1,74,3
1642,26,6,2,5,1,1,1,1,56,6
1643,26,6,3,5,1,1,1,1,57,6
1644,26,6,4,2,1,1,1,1,41,6
1645,26,6,5,3,1,1,1,1,54,3
1646,26,6,6,4,1,1,1,1,60,4
1647,26,6,7,3,1,1,1,1,53,1
1648,26,6,8,3,1,1,1,1,59,7
1649,26,7,1,7,3,2,1,1,36,1
1650,26,7,2,2,1,1,1,1,40,2
1651,26,7,3,3,1,1,1,1,20,2
1652,26,7,4,5,2,1,1,1,40,2
1653,26,7,5,2,1,1,1,1,42,3
1654,26,7,6,6,2,1,1,1,52,2
1655,26,7,7,3,1,1,1,1,31,3
1656,26,7,8,7,3,2,1,1,39,2
1657,26,8,1,11,3,2,1,1,49,0
1658,26,8,2,5,1,1,1,1,56,4
1659,26,8,3,4,1,1,1,1,43,1
1660,26,8,4,1,0,0,0,0,69,3
1661,26,8,5,4,1,1,1,1,66,3
1662,26,8,6,8,2,1,1,1,52,7
1663,26,8,7,7,2,1,1,1,36,1
1664,26,8,8,2,0,0,0,0,48,2
1665,27,1,1,9,3,2,1,1,45,3
1666,27,1,2,4,1,1,1,1,38,2
1667,27,1,3,3,1,1,1,1,40,2
1668,27,1,4,7,2,1,1,1,30,3
1669,27,1,5,4,2,1,1,1,37,2
1670,27,1,6,4,1,1,1,1,28,1
1671,27,1,7,6,2,1,1,1,37,5
1672,27,1,8,1,0,0,0,0,44,5
1673,27,2,1,12,4,2,1,1,49,3
1674,27,2,2,2,1,1,1,1,51,4
1675,27,2,3,6,2,1,1,1,34,2
1676,27,2,4,4,2,1,1,1,28,2
1677,27,2,5,5,1,1,1,1,44,2
1678,27,2,6,4,2,1,1,1,29,3
1679,27,2,7,6,2,1,1,1,69,5
1680,27,2,8,5,2,1,1,1,49,2
1681,27,3,1,11,5,3,1,1,27,3
1682,27,3,2,3,1,1,1,1,27,7
1683,27,3,3,2,1,1,1,1,24,3
1684,27,3,4,2,1,0,0,0,33,5
1685,27,3,5,2,1,0,0,0,27,2
1686,27,3,6,8,4,2,1,1,31,3
1687,27,3,7,5,2,1,1,1,46,5
1688,27,3,8,1,0,0,0,0,30,1
1689,27,4,1,22,9,4,2,1,47,7
1690,27,4,2,4,1,1,1,1,41,4
1691,27,4,3,6,2,1,1,1,32,2
1692,27,4,4,4,1,1,1,1,23,3
1693,27,4,5,2,1,1,1,1,28,4
1694,27,4,6,2,1,1,1,1,28,3
1695,27,4,7,4,1,1,1,1,59,2
1696,27,4,8,6,2,1,1,1,31,4
1697,27,5,1,10,2,1,1,1,45,4
1698,27,5,2,6,2,1,1,1,61,4
1699,27,5,3,5,1,1,1,1,53,2
1700,27,5,4,8,2,1,1,1,49,2
1701,27,5,5,5,1,1,1,1,56,1
1702,27,5,6,4,1,1,1,1,42,7
1703,27,5,7,3,1,1,1,1,54,4
1704,27,5,8,2,0,0,0,0,62,3
1705,27,6,1,16,4,2,1,1,30,3
1706,27,6,2,6,2,1,1,1,70,2
1707,27,6,3,4,1,1,1,1,30,4
1708,27,6,4,3,1,1,1,1,39,4
1709,27,6,5,3,1,1,1,1,51,1
1710,27,6,6,1,0,0,0,0,57,2
1711,27,6,7,5,1,1,1,1,53,4
1712,27,6,8,1,0,0,0,0,52,1
1713,27,7,1,11,4,2,1,1,55,5
1714,27,7,2,5,2,1,1,1,34,3
1715,27,7,3,7,2,1,1,1,64,4
1716,27,7,4,3,1,1,1,1,45,4
1717,27,7,5,3,1,0,0,0,45,2
1718,27,7,6,3,1,1,1,1,20,6
1719,27,7,7,4,1,1,1,1,38,1
1720,27,7,8,5,2,1,1,1,49,2
1721,27,8,1,10,3,2,1,1,30,2
1722,27,8,2,4,1,1,1,1,68,1
1723,27,8,3,6,1,1,1,1,48,2
1724,27,8,4,4,1,1,1,1,57,3
1725,27,8,5,2,1,1,1,1,51,4
1726,27,8,6,3,1,1,1,1,60,3
1727,27,8,7,4,1,1,1,1,58,2
1728,27,8,8,3,1,1,1,1,50,2
1729,28,1,1,7,3,2,1,1,21,5
1730,28,1,2,3,1,1,1,1,35,1
1731,28,1,3,5,2,1,1,1,22,3
1732,28,1,4,2,1,1,1,1,47,2
1733,28,1,5,7,2,1,1,1,40,1
1734,28,1,6,4,2,1,1,1,29,1
1735,28,1,7,6,2,1,1,1,39,5
1736,28,1,8,3,1,1,1,1,45,2
1737,28,2,1,21,8,4,2,2,33,4
1738,28,2,2,3,1,1,1,1,42,4
1739,28,2,3,5,2,1,1,1,34,1
1740,28,2,4,7,2,1,1,1,25,6
1741,28,2,5,6,2,1,1,1,37,3
1742,28,2,6,2,1,1,1,1,47,1
1743,28,2,7,2,1,0,0,0,45,3
1744,28,2,8,5,2,1,1,1,19,1
1745,28,3,1,12,5,3,2,1,27,2
1746,28,3,2,3,1,1,1,1,42,4
1747,28,3,3,3,1,1,1,1,26,5
1748,28,3,4,6,2,1,0,0,17,5
1749,28,3,5,4,2,1,0,0,25,0
1750,28,3,6,5,2,1,1,1,36,10
1751,28,3,7,1,0,0,0,0,33,7
1752,28,3,8,7,4,2,1,1,24,2
1753,28,4,1,16,5,3,2,1,20,1
1754,28,4,2,2,1,0,0,0,41,3
1755,28,4,3,3,1,1,1,1,25,0
1756,28,4,4,6,2,1,1,1,54,3
1757,28,4,5,7,2,1,1,1,43,3
1758,28,4,6,1,0,0,0,0,34,5
1759,28,4,7,2,1,1,1,1,25,2
1760,28,4,8,10,3,1,1,1,48,3
1761,28,5,1,9,2,1,1,1,36,4
1762,28,5,2,1,0,0,0,0,66,0
1763,28,5,3,5,1,1,1,1,50,4
1764,28,5,4,2,1,1,1,1,49,3
1765,28,5,5,6,2,1,1,1,55,5
1766,28,5,6,6,2,1,1,1,37,2
1767,28,5,7,4,1,1,1,1,62,1
1768,28,5,8,3,1,1,1,1,50,4
1769,28,6,1,7,2,1,1,1,67,3
1770,28,6,2,5,1,1,1,1,80,1
1771,28,6,3,4,1,1,1,1,46,2
1772,28,6,4,6,2,1,1,1,61,6
1773,28,6,5,6,2,1,1,1,69,1
1774,28,6,6,5,1,1,1,1,46,1
1775,28,6,7,3,1,1,1,1,38,3
1776,28,6,8,4,1,1,1,1,41,2
1777,28,7,1,9,3,2,1,1,44,3
1778,28,7,2,2,1,1,1,1,28,4
1779,28,7,3,4,1,1,1,1,56,10
1780,28,7,4,4,1,1,1,1,35,4
1781,28,7,5,3,1,1,1,1,38,0
1782,28,7,6,6,2,1,1,1,40,2
1783,28,7,7,2,1,1,1,1,66,3
1784,28,7,8,3,1,1,1,1,48,6
1785,28,8,1,10,2,1,1,1,47,2
1786,28,8,2,1,0,0,0,0,48,2
1787,28,8,3,3,1,1,1,1,51,2
1788,28,8,4,1,0,0,0,0,28,4
1789,28,8,5,2,0,0,0,0,74,2
1790,28,8,6,4,1,1,1,1,57,2
1791,28,8,7,3,1,1,1,1,73,3
1792,28,8,8,5,1,1,1,1,37,0
